{
    "avg_prec": {
        "train": 1.0,
        "test": 0.7437793835868038
    },
    "roc_auc": {
        "train": 1.0,
        "test": 0.9249292929292929
    }
}
